<?xml version="1.0" encoding="UTF-8" standalone="no"?>
<database name="db_comasw" schema="public" type="PostgreSQL - 14.4 (Ubuntu 14.4-0ubuntu0.22.04.1)">
   <tables>
      <table name="ct_account_type" numRows="3" remarks="Table that stores the account types of the catalog for the application" schema="public" type="TABLE">
         <column autoUpdated="true" defaultValue="nextval('seq_account_type_id'::regclass)" digits="0" id="0" name="account_type_id" nullable="false" remarks="Internal identifier of the account type" size="10" type="serial"/>
         <column autoUpdated="false" defaultValue="1009" digits="0" id="1" name="entity_type_id" nullable="false" remarks="Entity_id for the account type" size="10" type="int4">
            <parent column="entity_type_id" foreignKey="ct_account_type_entity_fk" implied="false" onDeleteCascade="false" table="pt_entity_type"/>
         </column>
         <column autoUpdated="false" digits="0" id="2" name="code" nullable="false" remarks="Code of the account type" size="10" type="varchar"/>
         <column autoUpdated="false" digits="0" id="3" name="name" nullable="false" remarks="Name of the account type" size="50" type="varchar"/>
         <column autoUpdated="false" digits="0" id="4" name="description" nullable="false" remarks="Description for the account type" size="500" type="varchar"/>
         <column autoUpdated="false" digits="0" id="5" name="ordinary_bill_cycle_type_id" nullable="false" remarks="Ordinary cycle type id for the ordinary billing of the account" size="10" type="int4">
            <parent column="bill_cycle_type_id" foreignKey="ct_account_type_obc_fk" implied="false" onDeleteCascade="false" table="ct_bill_cycle_type"/>
         </column>
         <column autoUpdated="false" digits="0" id="6" name="corrective_bill_cycle_type_id" nullable="false" remarks="Bill cycle type id for the ordinary billing of the account" size="10" type="int4">
            <parent column="bill_cycle_type_id" foreignKey="ct_account_type_cbc_fk" implied="false" onDeleteCascade="false" table="ct_bill_cycle_type"/>
         </column>
         <column autoUpdated="false" defaultValue="1000" digits="0" id="7" name="status_id" nullable="false" remarks="Status id for the account type" size="10" type="int4">
            <parent column="status_id" foreignKey="ct_account_type_status_fk" implied="false" onDeleteCascade="false" table="pt_status"/>
         </column>
         <column autoUpdated="false" defaultValue="(('now'::text)::timestamp(0) with time zone)::timestamp without time zone" digits="6" id="8" name="input_date" nullable="false" remarks="Date on which the record was created" size="29" type="timestamp"/>
         <column autoUpdated="false" digits="0" id="9" name="input_user" nullable="false" remarks="User who was modified the record" size="10" type="varchar"/>
         <column autoUpdated="false" digits="6" id="10" name="modif_date" nullable="true" remarks="Date of the last modification of the record" size="29" type="timestamp"/>
         <column autoUpdated="false" digits="0" id="11" name="modif_user" nullable="true" remarks="User who was modified the record" size="10" type="varchar"/>
         <column autoUpdated="false" digits="0" id="12" name="payment_method_id" nullable="false" remarks="Payment method associated with the account type" size="10" type="int4">
            <parent column="payment_method_id" foreignKey="ct_account_type_payment_fk" implied="false" onDeleteCascade="false" table="pt_payment_method"/>
         </column>
         <primaryKey column="account_type_id" sequenceNumberInPK="1"/>
         <index name="ct_account_type_pk" unique="true">
            <column ascending="true" name="account_type_id"/>
         </index>
         <index name="ct_account_type_code_u" unique="true">
            <column ascending="true" name="code"/>
         </index>
         <index name="ct_account_type_name_u" unique="true">
            <column ascending="true" name="name"/>
         </index>
      </table>
      <table name="ct_bill_cycle_type" numRows="2" remarks="Table that stores the bill cycle type of the application" schema="public" type="TABLE">
         <column autoUpdated="true" defaultValue="nextval('seq_bill_cycle_type_id'::regclass)" digits="0" id="0" name="bill_cycle_type_id" nullable="false" remarks="Internal identifier of the bill cycle type" size="10" type="serial">
            <child column="corrective_bill_cycle_type_id" foreignKey="ct_account_type_cbc_fk" implied="false" onDeleteCascade="false" table="ct_account_type"/>
            <child column="ordinary_bill_cycle_type_id" foreignKey="ct_account_type_obc_fk" implied="false" onDeleteCascade="false" table="ct_account_type"/>
         </column>
         <column autoUpdated="false" digits="0" id="1" name="code" nullable="false" remarks="Code of the bill cycle type" size="10" type="varchar"/>
         <column autoUpdated="false" digits="0" id="2" name="name" nullable="false" remarks="Name of the bill cycle type" size="50" type="varchar"/>
         <column autoUpdated="false" digits="0" id="3" name="description" nullable="false" remarks="Description for the bill cycle type" size="500" type="varchar"/>
         <column autoUpdated="false" digits="0" id="4" name="billing_period_id" nullable="false" remarks="Billing period for the bill cycle type" size="10" type="int4">
            <parent column="billing_period_id" foreignKey="ct_bill_cycle_type_period_fk" implied="false" onDeleteCascade="false" table="pt_billing_period"/>
         </column>
         <column autoUpdated="false" digits="0" id="5" name="bill_cycle_day" nullable="false" remarks="" size="2" type="numeric"/>
         <column autoUpdated="false" digits="0" id="6" name="bill_cycle_codenum" nullable="false" remarks="Billing numbering code with which the invoice number is composed" size="10" type="varchar"/>
         <column autoUpdated="false" defaultValue="1000" digits="0" id="7" name="status_id" nullable="false" remarks="" size="10" type="int4">
            <parent column="status_id" foreignKey="ct_bill_cycle_type_status_fk" implied="false" onDeleteCascade="false" table="pt_status"/>
         </column>
         <column autoUpdated="false" defaultValue="(('now'::text)::timestamp(0) with time zone)::timestamp without time zone" digits="6" id="8" name="input_date" nullable="false" remarks="" size="29" type="timestamp"/>
         <column autoUpdated="false" digits="0" id="9" name="input_user" nullable="false" remarks="" size="10" type="varchar"/>
         <column autoUpdated="false" digits="6" id="10" name="modif_date" nullable="true" remarks="" size="29" type="timestamp"/>
         <column autoUpdated="false" digits="0" id="11" name="modif_user" nullable="true" remarks="" size="10" type="varchar"/>
         <column autoUpdated="false" digits="0" id="12" name="corrective" nullable="false" remarks="Flag for corrective cycle (true: corrective cycle, false: ordinary cycle)" size="1" type="bool"/>
         <primaryKey column="bill_cycle_type_id" sequenceNumberInPK="1"/>
         <index name="ct_bill_cycle_type_pk" unique="true">
            <column ascending="true" name="bill_cycle_type_id"/>
         </index>
         <index name="ct_bill_cycle_type_code_u" unique="true">
            <column ascending="true" name="code"/>
         </index>
         <index name="ct_bill_cycle_type_codnum_u" unique="true">
            <column ascending="true" name="bill_cycle_codenum"/>
         </index>
         <index name="ct_bill_cycle_type_name_u" unique="true">
            <column ascending="true" name="name"/>
         </index>
      </table>
      <table name="ct_consumption_type" numRows="24" remarks="Table that stores the consumption types of the catalog for the application" schema="public" type="TABLE">
         <column autoUpdated="true" defaultValue="nextval('seq_consumption_type'::regclass)" digits="0" id="0" name="consumption_type_id" nullable="false" remarks="Internal identifier of the consumption type" size="10" type="serial">
            <child column="consumption_type_id" foreignKey="ct_promo_consum_type_disc_cons_fk" implied="false" onDeleteCascade="false" table="ct_promo_consum_type_discount"/>
         </column>
         <column autoUpdated="false" defaultValue="1004" digits="0" id="1" name="entity_type_id" nullable="false" remarks="Entity_id for the consumption type" size="10" type="int4">
            <parent column="entity_type_id" foreignKey="ct_consumption_type_entity_fk" implied="false" onDeleteCascade="false" table="pt_entity_type"/>
         </column>
         <column autoUpdated="false" digits="0" id="2" name="code" nullable="false" remarks="Code of the consumption type" size="10" type="varchar"/>
         <column autoUpdated="false" digits="0" id="3" name="name" nullable="false" remarks="Name of the consumption type" size="50" type="varchar"/>
         <column autoUpdated="false" digits="0" id="4" name="description" nullable="false" remarks="Description for the consumption type" size="500" type="varchar"/>
         <column autoUpdated="false" defaultValue="1000" digits="0" id="5" name="status_id" nullable="false" remarks="Status id for the consumption type" size="10" type="int4">
            <parent column="status_id" foreignKey="ct_consumption_type_status_fk" implied="false" onDeleteCascade="false" table="pt_status"/>
         </column>
         <column autoUpdated="false" defaultValue="(('now'::text)::timestamp(0) with time zone)::timestamp without time zone" digits="6" id="6" name="input_date" nullable="false" remarks="Date on which the record was created" size="29" type="timestamp"/>
         <column autoUpdated="false" digits="0" id="7" name="input_user" nullable="false" remarks="User who was modified the record" size="10" type="varchar"/>
         <column autoUpdated="false" digits="6" id="8" name="modif_date" nullable="true" remarks="Date of the last modification of the record" size="29" type="timestamp"/>
         <column autoUpdated="false" digits="0" id="9" name="modif_user" nullable="true" remarks="" size="10" type="varchar"/>
         <column autoUpdated="false" digits="0" id="10" name="consumption_class_id" nullable="false" remarks="Consumption class for the consumption type" size="10" type="int4">
            <parent column="consumption_class_id" foreignKey="ct_consumption_type_class_fk" implied="false" onDeleteCascade="false" table="pt_consumption_class"/>
         </column>
         <primaryKey column="consumption_type_id" sequenceNumberInPK="1"/>
         <index name="ct_consumption_type_pk" unique="true">
            <column ascending="true" name="consumption_type_id"/>
         </index>
         <index name="ct_consumption_type_code_u" unique="true">
            <column ascending="true" name="code"/>
         </index>
         <index name="ct_consumption_type_name_u" unique="true">
            <column ascending="true" name="name"/>
         </index>
      </table>
      <table name="ct_customer_type" numRows="2" remarks="Table that stores the customer types of the catalog for the application" schema="public" type="TABLE">
         <column autoUpdated="true" defaultValue="nextval('seq_customer_type_id'::regclass)" digits="0" id="0" name="customer_type_id" nullable="false" remarks="Internal identifier of the customer type" size="10" type="serial"/>
         <column autoUpdated="false" defaultValue="1008" digits="0" id="1" name="entity_type_id" nullable="false" remarks="Entity_id for the customer type" size="10" type="int4">
            <parent column="entity_type_id" foreignKey="ct_customer_type_entity_fk" implied="false" onDeleteCascade="false" table="pt_entity_type"/>
         </column>
         <column autoUpdated="false" digits="0" id="2" name="code" nullable="false" remarks="Code of the customer type" size="10" type="varchar"/>
         <column autoUpdated="false" digits="0" id="3" name="name" nullable="false" remarks="Name of the customer type" size="50" type="varchar"/>
         <column autoUpdated="false" digits="0" id="4" name="description" nullable="false" remarks="Description for the customer type" size="500" type="varchar"/>
         <column autoUpdated="false" defaultValue="1000" digits="0" id="5" name="status_id" nullable="false" remarks="Status id for the customer type" size="10" type="int4">
            <parent column="status_id" foreignKey="ct_customer_type_status_fk" implied="false" onDeleteCascade="false" table="pt_status"/>
         </column>
         <column autoUpdated="false" defaultValue="(('now'::text)::timestamp(0) with time zone)::timestamp without time zone" digits="6" id="6" name="input_date" nullable="false" remarks="Date on which the record was created" size="29" type="timestamp"/>
         <column autoUpdated="false" digits="0" id="7" name="input_user" nullable="false" remarks="User who was modified the record" size="10" type="varchar"/>
         <column autoUpdated="false" digits="6" id="8" name="modif_date" nullable="true" remarks="Date of the last modification of the record" size="29" type="timestamp"/>
         <column autoUpdated="false" digits="0" id="9" name="modif_user" nullable="true" remarks="" size="10" type="varchar"/>
         <primaryKey column="customer_type_id" sequenceNumberInPK="1"/>
         <index name="ct_customer_type_pk" unique="true">
            <column ascending="true" name="customer_type_id"/>
         </index>
         <index name="ct_customer_type_code_u" unique="true">
            <column ascending="true" name="code"/>
         </index>
         <index name="ct_customer_type_name_u" unique="true">
            <column ascending="true" name="name"/>
         </index>
      </table>
      <table name="ct_fee_type" numRows="26" remarks="Table that stores the fee types of the catalog for the application" schema="public" type="TABLE">
         <column autoUpdated="false" digits="0" id="0" name="fee_type_id" nullable="false" remarks="Internal identifier of the fee type" size="10" type="int4">
            <parent column="fee_type_id" foreignKey="ct_fee_type_id_fk" implied="false" onDeleteCascade="false" table="idt_fee_type"/>
         </column>
         <column autoUpdated="false" defaultValue="1003" digits="0" id="1" name="entity_type_id" nullable="false" remarks="Entity_id for the fee type" size="10" type="int4">
            <parent column="entity_type_id" foreignKey="ct_fee_type_entity_fk" implied="false" onDeleteCascade="false" table="pt_entity_type"/>
         </column>
         <column autoUpdated="false" digits="0" id="2" name="start_date" nullable="false" remarks="Start_date for the fee type" size="13" type="date"/>
         <column autoUpdated="false" digits="0" id="3" name="end_date" nullable="false" remarks="End_date for the fee type" size="13" type="date"/>
         <column autoUpdated="false" digits="0" id="4" name="code" nullable="false" remarks="Code of the fee type" size="10" type="varchar"/>
         <column autoUpdated="false" digits="0" id="5" name="name" nullable="false" remarks="Name of the fee type" size="50" type="varchar"/>
         <column autoUpdated="false" digits="0" id="6" name="description" nullable="false" remarks="Description for the fee type" size="500" type="varchar"/>
         <column autoUpdated="false" digits="0" id="7" name="application_level_id" nullable="false" remarks="Application level id for the fee type" size="10" type="int4">
            <parent column="application_level_id" foreignKey="ct_fee_type_level_fk" implied="false" onDeleteCascade="false" table="pt_application_level"/>
         </column>
         <column autoUpdated="false" defaultValue="false" digits="0" id="8" name="prorate" nullable="false" remarks="Flag for prorate (true: prorated fee)" size="1" type="bool"/>
         <column autoUpdated="false" digits="4" id="9" name="price" nullable="false" remarks="Price for the fee type" size="10" type="numeric"/>
         <column autoUpdated="false" defaultValue="1000" digits="0" id="10" name="status_id" nullable="false" remarks="Status id for the fee type" size="10" type="int4">
            <parent column="status_id" foreignKey="ct_fee_type_status_fk" implied="false" onDeleteCascade="false" table="pt_status"/>
         </column>
         <column autoUpdated="false" defaultValue="(('now'::text)::timestamp(0) with time zone)::timestamp without time zone" digits="6" id="11" name="input_date" nullable="false" remarks="Date on which the record was created" size="29" type="timestamp"/>
         <column autoUpdated="false" digits="0" id="12" name="input_user" nullable="false" remarks="User who was modified the record" size="10" type="varchar"/>
         <column autoUpdated="false" digits="6" id="13" name="modif_date" nullable="true" remarks="Date of the last modification of the record" size="29" type="timestamp"/>
         <column autoUpdated="false" digits="0" id="14" name="modif_user" nullable="true" remarks="" size="10" type="varchar"/>
         <primaryKey column="fee_type_id" sequenceNumberInPK="1"/>
         <primaryKey column="start_date" sequenceNumberInPK="2"/>
         <primaryKey column="end_date" sequenceNumberInPK="3"/>
         <index name="ct_fee_type_pk" unique="true">
            <column ascending="true" name="fee_type_id"/>
            <column ascending="true" name="start_date"/>
            <column ascending="true" name="end_date"/>
         </index>
         <index name="ct_fee_type_code_u" unique="true">
            <column ascending="true" name="code"/>
            <column ascending="true" name="start_date"/>
            <column ascending="true" name="end_date"/>
         </index>
         <index name="ct_fee_type_name_u" unique="true">
            <column ascending="true" name="name"/>
            <column ascending="true" name="start_date"/>
            <column ascending="true" name="end_date"/>
         </index>
      </table>
      <table name="ct_prod_fee_type" numRows="11" remarks="Table that stores the fee product relation types of the catalog for the application" schema="public" type="TABLE">
         <column autoUpdated="true" defaultValue="nextval('seq_prod_fee_type_id'::regclass)" digits="0" id="0" name="prod_fee_type_id" nullable="false" remarks="Internal identifier of the product-fee relation type" size="10" type="serial"/>
         <column autoUpdated="false" digits="0" id="1" name="product_type_id" nullable="false" remarks="Product_type_id for the product-fee relation" size="10" type="int4">
            <parent column="product_type_id" foreignKey="ct_prod_fee_type_product_fk" implied="false" onDeleteCascade="false" table="ct_product_type"/>
         </column>
         <column autoUpdated="false" digits="0" id="2" name="fee_type_id" nullable="false" remarks="Service_type_id for the product-fee relation" size="10" type="int4">
            <parent column="fee_type_id" foreignKey="ct_prod_fee_type_fee_fk" implied="false" onDeleteCascade="false" table="idt_fee_type"/>
         </column>
         <column autoUpdated="false" defaultValue="1000" digits="0" id="3" name="status_id" nullable="false" remarks="Status id for the product-fee relation type" size="10" type="int4">
            <parent column="status_id" foreignKey="ct_prod_fee_type_status_fk" implied="false" onDeleteCascade="false" table="pt_status"/>
         </column>
         <column autoUpdated="false" defaultValue="(('now'::text)::timestamp(0) with time zone)::timestamp without time zone" digits="6" id="4" name="input_date" nullable="false" remarks="Date on which the record was created" size="29" type="timestamp"/>
         <column autoUpdated="false" digits="0" id="5" name="input_user" nullable="false" remarks="User who was modified the record" size="10" type="varchar"/>
         <column autoUpdated="false" digits="6" id="6" name="modif_date" nullable="true" remarks="Date of the last modification of the record" size="29" type="timestamp"/>
         <column autoUpdated="false" digits="0" id="7" name="modif_user" nullable="true" remarks="" size="10" type="varchar"/>
         <primaryKey column="prod_fee_type_id" sequenceNumberInPK="1"/>
         <index name="ct_prod_fee_type_pk" unique="true">
            <column ascending="true" name="prod_fee_type_id"/>
         </index>
         <index name="ct_prod_fee_type_code_u" unique="true">
            <column ascending="true" name="product_type_id"/>
            <column ascending="true" name="fee_type_id"/>
         </index>
      </table>
      <table name="ct_prod_serv_type" numRows="6" remarks="Table that stores the promotion product relation types of the catalog for the application" schema="public" type="TABLE">
         <column autoUpdated="true" defaultValue="nextval('seq_prod_serv_type_id'::regclass)" digits="0" id="0" name="prod_serv_type_id" nullable="false" remarks="Internal identifier of the product-service relation type" size="10" type="serial"/>
         <column autoUpdated="false" digits="0" id="1" name="product_type_id" nullable="false" remarks="Product_type_id for the product-service relation" size="10" type="int4">
            <parent column="product_type_id" foreignKey="ct_prod_serv_type_product_fk" implied="false" onDeleteCascade="false" table="ct_product_type"/>
         </column>
         <column autoUpdated="false" digits="0" id="2" name="service_type_id" nullable="false" remarks="Service_type_id for the product-service relation" size="10" type="int4">
            <parent column="service_type_id" foreignKey="ct_prod_serv_type_service_fk" implied="false" onDeleteCascade="false" table="ct_service_type"/>
         </column>
         <column autoUpdated="false" defaultValue="1000" digits="0" id="3" name="status_id" nullable="false" remarks="Status id for the product-service relation type" size="10" type="int4">
            <parent column="status_id" foreignKey="ct_prod_serv_type_status_fk" implied="false" onDeleteCascade="false" table="pt_status"/>
         </column>
         <column autoUpdated="false" defaultValue="(('now'::text)::timestamp(0) with time zone)::timestamp without time zone" digits="6" id="4" name="input_date" nullable="false" remarks="Date on which the record was created" size="29" type="timestamp"/>
         <column autoUpdated="false" digits="0" id="5" name="input_user" nullable="false" remarks="User who was modified the record" size="10" type="varchar"/>
         <column autoUpdated="false" digits="6" id="6" name="modif_date" nullable="true" remarks="Date of the last modification of the record" size="29" type="timestamp"/>
         <column autoUpdated="false" digits="0" id="7" name="modif_user" nullable="true" remarks="" size="10" type="varchar"/>
         <primaryKey column="prod_serv_type_id" sequenceNumberInPK="1"/>
         <index name="ct_prod_serv_type_pk" unique="true">
            <column ascending="true" name="prod_serv_type_id"/>
         </index>
         <index name="ct_prod_serv_type_code_u" unique="true">
            <column ascending="true" name="product_type_id"/>
            <column ascending="true" name="service_type_id"/>
         </index>
      </table>
      <table name="ct_product_type" numRows="4" remarks="Table that stores the product types of the catalog for the application" schema="public" type="TABLE">
         <column autoUpdated="true" defaultValue="nextval('seq_product_type_id'::regclass)" digits="0" id="0" name="product_type_id" nullable="false" remarks="Internal identifier of the product type" size="10" type="serial">
            <child column="product_type_id" foreignKey="ct_prod_fee_type_product_fk" implied="false" onDeleteCascade="false" table="ct_prod_fee_type"/>
            <child column="product_type_id" foreignKey="ct_prod_serv_type_product_fk" implied="false" onDeleteCascade="false" table="ct_prod_serv_type"/>
            <child column="product_type_id" foreignKey="ct_promo_prod_type_prod_fk" implied="false" onDeleteCascade="false" table="ct_promo_prod_type"/>
         </column>
         <column autoUpdated="false" defaultValue="1000" digits="0" id="1" name="entity_type_id" nullable="false" remarks="Entity_id for the product type" size="10" type="int4">
            <parent column="entity_type_id" foreignKey="ct_product_type_entity_fk" implied="false" onDeleteCascade="false" table="pt_entity_type"/>
         </column>
         <column autoUpdated="false" digits="0" id="2" name="code" nullable="false" remarks="Code of the product type" size="10" type="varchar"/>
         <column autoUpdated="false" digits="0" id="3" name="name" nullable="false" remarks="Name of the product type" size="50" type="varchar"/>
         <column autoUpdated="false" digits="0" id="4" name="description" nullable="false" remarks="Description for the product type" size="500" type="varchar"/>
         <column autoUpdated="false" defaultValue="1000" digits="0" id="5" name="status_id" nullable="false" remarks="Status id for the product type" size="10" type="int4">
            <parent column="status_id" foreignKey="ct_product_type_status_fk" implied="false" onDeleteCascade="false" table="pt_status"/>
         </column>
         <column autoUpdated="false" defaultValue="(('now'::text)::timestamp(0) with time zone)::timestamp without time zone" digits="6" id="6" name="input_date" nullable="false" remarks="Date on which the record was created" size="29" type="timestamp"/>
         <column autoUpdated="false" digits="0" id="7" name="input_user" nullable="false" remarks="User who was modified the record" size="10" type="varchar"/>
         <column autoUpdated="false" digits="6" id="8" name="modif_date" nullable="true" remarks="Date of the last modification of the record" size="29" type="timestamp"/>
         <column autoUpdated="false" digits="0" id="9" name="modif_user" nullable="true" remarks="" size="10" type="varchar"/>
         <primaryKey column="product_type_id" sequenceNumberInPK="1"/>
         <index name="ct_product_type_pk" unique="true">
            <column ascending="true" name="product_type_id"/>
         </index>
         <index name="ct_product_type_code_u" unique="true">
            <column ascending="true" name="code"/>
         </index>
         <index name="ct_product_type_name_u" unique="true">
            <column ascending="true" name="name"/>
         </index>
      </table>
      <table name="ct_promo_consum_type_discount" numRows="5" remarks="Table that stores the promotion fee discount relation types of the catalog for the application" schema="public" type="TABLE">
         <column autoUpdated="true" defaultValue="nextval('seq_promo_consum_type_disc_id'::regclass)" digits="0" id="0" name="promo_consum_type_discount_id" nullable="false" remarks="Internal identifier of the promotion-consumption discount relation type" size="10" type="serial"/>
         <column autoUpdated="false" digits="0" id="1" name="promotion_type_id" nullable="false" remarks="Promotion_type_id for the promotion-consumption discount relation" size="10" type="int4">
            <parent column="promotion_type_id" foreignKey="ct_promo_consum_type_disc_promo_fk" implied="false" onDeleteCascade="false" table="idt_promotion_type"/>
         </column>
         <column autoUpdated="false" digits="0" id="2" name="consumption_type_id" nullable="false" remarks="Consumption_type_id for the promotion-consumption discount relation" size="10" type="int4">
            <parent column="consumption_type_id" foreignKey="ct_promo_consum_type_disc_cons_fk" implied="false" onDeleteCascade="false" table="ct_consumption_type"/>
         </column>
         <column autoUpdated="false" defaultValue="1000" digits="0" id="3" name="status_id" nullable="false" remarks="Status id for the promotion-consumption discount relation type" size="10" type="int4">
            <parent column="status_id" foreignKey="ct_promo_consum_type_discount_status_fk" implied="false" onDeleteCascade="false" table="pt_status"/>
         </column>
         <column autoUpdated="false" defaultValue="(('now'::text)::timestamp(0) with time zone)::timestamp without time zone" digits="6" id="4" name="input_date" nullable="false" remarks="Date on which the record was created" size="29" type="timestamp"/>
         <column autoUpdated="false" digits="0" id="5" name="input_user" nullable="false" remarks="User who was modified the record" size="10" type="varchar"/>
         <column autoUpdated="false" digits="6" id="6" name="modif_date" nullable="true" remarks="Date of the last modification of the record" size="29" type="timestamp"/>
         <column autoUpdated="false" digits="0" id="7" name="modif_user" nullable="true" remarks="" size="10" type="varchar"/>
         <primaryKey column="promo_consum_type_discount_id" sequenceNumberInPK="1"/>
         <index name="ct_promo_consum_type_discount_pk" unique="true">
            <column ascending="true" name="promo_consum_type_discount_id"/>
         </index>
         <index name="ct_promo_consum_type_discount_code_u" unique="true">
            <column ascending="true" name="promotion_type_id"/>
            <column ascending="true" name="consumption_type_id"/>
         </index>
      </table>
      <table name="ct_promo_fee_type_discount" numRows="11" remarks="Table that stores the promotion fee discount relation types of the catalog for the application" schema="public" type="TABLE">
         <column autoUpdated="true" defaultValue="nextval('seq_promo_fee_type_disc_id'::regclass)" digits="0" id="0" name="promo_fee_type_discount_id" nullable="false" remarks="Internal identifier of the promotion-fee discount relation type" size="10" type="serial"/>
         <column autoUpdated="false" digits="0" id="1" name="promotion_type_id" nullable="false" remarks="Promotion_type_id for the promotion-fee discount relation" size="10" type="int4">
            <parent column="promotion_type_id" foreignKey="ct_promo_fee_type_discount_promo_fk" implied="false" onDeleteCascade="false" table="idt_promotion_type"/>
         </column>
         <column autoUpdated="false" digits="0" id="2" name="fee_type_id" nullable="false" remarks="Fee_type_id for the promotion-fee discount relation" size="10" type="int4">
            <parent column="fee_type_id" foreignKey="ct_promo_fee_type_discount_fee_fk" implied="false" onDeleteCascade="false" table="idt_fee_type"/>
         </column>
         <column autoUpdated="false" digits="0" id="3" name="application_level_id" nullable="false" remarks="Application_level_id for the promotion-fee discount relation" size="10" type="int4">
            <parent column="application_level_id" foreignKey="ct_promo_fee_type_discount_lev_fk" implied="false" onDeleteCascade="false" table="pt_application_level"/>
         </column>
         <column autoUpdated="false" defaultValue="1000" digits="0" id="4" name="status_id" nullable="false" remarks="Status id for the promotion-fee discount relation type" size="10" type="int4">
            <parent column="status_id" foreignKey="ct_promo_fee_type_discount_status_fk" implied="false" onDeleteCascade="false" table="pt_status"/>
         </column>
         <column autoUpdated="false" defaultValue="(('now'::text)::timestamp(0) with time zone)::timestamp without time zone" digits="6" id="5" name="input_date" nullable="false" remarks="Date on which the record was created" size="29" type="timestamp"/>
         <column autoUpdated="false" digits="0" id="6" name="input_user" nullable="false" remarks="User who was modified the record" size="10" type="varchar"/>
         <column autoUpdated="false" digits="6" id="7" name="modif_date" nullable="true" remarks="Date of the last modification of the record" size="29" type="timestamp"/>
         <column autoUpdated="false" digits="0" id="8" name="modif_user" nullable="true" remarks="" size="10" type="varchar"/>
         <primaryKey column="promo_fee_type_discount_id" sequenceNumberInPK="1"/>
         <index name="ct_promo_fee_type_discount_pk" unique="true">
            <column ascending="true" name="promo_fee_type_discount_id"/>
         </index>
         <index name="ct_promo_fee_type_discount_code_u" unique="true">
            <column ascending="true" name="promotion_type_id"/>
            <column ascending="true" name="fee_type_id"/>
         </index>
      </table>
      <table name="ct_promo_prod_type" numRows="5" remarks="Table that stores the promotion product relation types of the catalog for the application" schema="public" type="TABLE">
         <column autoUpdated="true" defaultValue="nextval('seq_promo_prod_type_id'::regclass)" digits="0" id="0" name="promo_prod_type_id" nullable="false" remarks="Internal identifier of the promotion-product relation type" size="10" type="serial"/>
         <column autoUpdated="false" digits="0" id="1" name="promotion_type_id" nullable="false" remarks="Promotion_type_id for the promotion-product relation" size="10" type="int4">
            <parent column="promotion_type_id" foreignKey="ct_promo_prod_type_promo_fk" implied="false" onDeleteCascade="false" table="idt_promotion_type"/>
         </column>
         <column autoUpdated="false" digits="0" id="2" name="product_type_id" nullable="false" remarks="Product_type_id for the promotion-product relation" size="10" type="int4">
            <parent column="product_type_id" foreignKey="ct_promo_prod_type_prod_fk" implied="false" onDeleteCascade="false" table="ct_product_type"/>
         </column>
         <column autoUpdated="false" defaultValue="1000" digits="0" id="3" name="status_id" nullable="false" remarks="Status id for the promotion-product relation type" size="10" type="int4">
            <parent column="status_id" foreignKey="ct_promo_prod_type_status_fk" implied="false" onDeleteCascade="false" table="pt_status"/>
         </column>
         <column autoUpdated="false" defaultValue="(('now'::text)::timestamp(0) with time zone)::timestamp without time zone" digits="6" id="4" name="input_date" nullable="false" remarks="Date on which the record was created" size="29" type="timestamp"/>
         <column autoUpdated="false" digits="0" id="5" name="input_user" nullable="false" remarks="User who was modified the record" size="10" type="varchar"/>
         <column autoUpdated="false" digits="6" id="6" name="modif_date" nullable="true" remarks="Date of the last modification of the record" size="29" type="timestamp"/>
         <column autoUpdated="false" digits="0" id="7" name="modif_user" nullable="true" remarks="" size="10" type="varchar"/>
         <primaryKey column="promo_prod_type_id" sequenceNumberInPK="1"/>
         <index name="ct_promo_prod_type_pk" unique="true">
            <column ascending="true" name="promo_prod_type_id"/>
         </index>
         <index name="ct_promo_prod_type_code_u" unique="true">
            <column ascending="true" name="promotion_type_id"/>
            <column ascending="true" name="product_type_id"/>
         </index>
      </table>
      <table name="ct_promo_serv_type" numRows="6" remarks="Table that stores the promotion service relation types of the catalog for the application" schema="public" type="TABLE">
         <column autoUpdated="true" defaultValue="nextval('seq_promo_serv_type_id'::regclass)" digits="0" id="0" name="promo_serv_type_id" nullable="false" remarks="Internal identifier of the promotion-service relation type" size="10" type="serial"/>
         <column autoUpdated="false" digits="0" id="1" name="promotion_type_id" nullable="false" remarks="Promotion_type_id for the promotion-service relation" size="10" type="int4">
            <parent column="promotion_type_id" foreignKey="ct_promo_serv_type_promo_fk" implied="false" onDeleteCascade="false" table="idt_promotion_type"/>
         </column>
         <column autoUpdated="false" digits="0" id="2" name="service_type_id" nullable="false" remarks="Service_type_id for the promotion-service relation" size="10" type="int4">
            <parent column="service_type_id" foreignKey="ct_promo_serv_type_serv_fk" implied="false" onDeleteCascade="false" table="ct_service_type"/>
         </column>
         <column autoUpdated="false" defaultValue="1000" digits="0" id="3" name="status_id" nullable="false" remarks="Status id for the promotion-service relation type" size="10" type="int4">
            <parent column="status_id" foreignKey="ct_promo_serv_type_status_fk" implied="false" onDeleteCascade="false" table="pt_status"/>
         </column>
         <column autoUpdated="false" defaultValue="(('now'::text)::timestamp(0) with time zone)::timestamp without time zone" digits="6" id="4" name="input_date" nullable="false" remarks="Date on which the record was created" size="29" type="timestamp"/>
         <column autoUpdated="false" digits="0" id="5" name="input_user" nullable="false" remarks="User who was modified the record" size="10" type="varchar"/>
         <column autoUpdated="false" digits="6" id="6" name="modif_date" nullable="true" remarks="Date of the last modification of the record" size="29" type="timestamp"/>
         <column autoUpdated="false" digits="0" id="7" name="modif_user" nullable="true" remarks="" size="10" type="varchar"/>
         <primaryKey column="promo_serv_type_id" sequenceNumberInPK="1"/>
         <index name="ct_promo_serv_type_pk" unique="true">
            <column ascending="true" name="promo_serv_type_id"/>
         </index>
         <index name="ct_promo_serv_type_code_u" unique="true">
            <column ascending="true" name="promotion_type_id"/>
            <column ascending="true" name="service_type_id"/>
         </index>
      </table>
      <table name="ct_promotion_type" numRows="7" remarks="" schema="public" type="TABLE">
         <column autoUpdated="false" digits="0" id="0" name="promotion_type_id" nullable="false" remarks="" size="10" type="int4">
            <parent column="promotion_type_id" foreignKey="ct_promotion_type_id_fk" implied="false" onDeleteCascade="false" table="idt_promotion_type"/>
         </column>
         <column autoUpdated="false" defaultValue="1002" digits="0" id="1" name="entity_type_id" nullable="false" remarks="" size="10" type="int4">
            <parent column="entity_type_id" foreignKey="ct_promotion_type_entity_fk" implied="false" onDeleteCascade="false" table="pt_entity_type"/>
         </column>
         <column autoUpdated="false" digits="0" id="2" name="start_date" nullable="false" remarks="" size="13" type="date"/>
         <column autoUpdated="false" digits="0" id="3" name="end_date" nullable="false" remarks="" size="13" type="date"/>
         <column autoUpdated="false" digits="0" id="4" name="code" nullable="false" remarks="" size="10" type="varchar"/>
         <column autoUpdated="false" digits="0" id="5" name="name" nullable="false" remarks="" size="50" type="varchar"/>
         <column autoUpdated="false" digits="0" id="6" name="description" nullable="false" remarks="" size="500" type="varchar"/>
         <column autoUpdated="false" digits="0" id="7" name="application_level_id" nullable="false" remarks="" size="10" type="int4">
            <parent column="application_level_id" foreignKey="ct_promotion_type_discount_fk" implied="false" onDeleteCascade="false" table="pt_application_level"/>
         </column>
         <column autoUpdated="false" digits="0" id="8" name="discount_type_id" nullable="false" remarks="" size="10" type="int4">
            <parent column="discount_type_id" foreignKey="ct_promotion_type_level_fk" implied="false" onDeleteCascade="false" table="pt_discount_type"/>
         </column>
         <column autoUpdated="false" digits="4" id="9" name="discount_value" nullable="false" remarks="" size="10" type="numeric"/>
         <column autoUpdated="false" defaultValue="1000" digits="0" id="10" name="status_id" nullable="false" remarks="" size="10" type="int4">
            <parent column="status_id" foreignKey="ct_promotion_type_status_fk" implied="false" onDeleteCascade="false" table="pt_status"/>
         </column>
         <column autoUpdated="false" defaultValue="(('now'::text)::timestamp(0) with time zone)::timestamp without time zone" digits="6" id="11" name="input_date" nullable="false" remarks="" size="29" type="timestamp"/>
         <column autoUpdated="false" digits="0" id="12" name="input_user" nullable="false" remarks="" size="10" type="varchar"/>
         <column autoUpdated="false" digits="6" id="13" name="modif_date" nullable="true" remarks="" size="29" type="timestamp"/>
         <column autoUpdated="false" digits="0" id="14" name="modif_user" nullable="true" remarks="" size="10" type="varchar"/>
         <primaryKey column="promotion_type_id" sequenceNumberInPK="1"/>
         <primaryKey column="start_date" sequenceNumberInPK="2"/>
         <primaryKey column="end_date" sequenceNumberInPK="3"/>
         <index name="ct_promotion_type_pk" unique="true">
            <column ascending="true" name="promotion_type_id"/>
            <column ascending="true" name="start_date"/>
            <column ascending="true" name="end_date"/>
         </index>
         <index name="ct_promotion_type_code_u" unique="true">
            <column ascending="true" name="code"/>
            <column ascending="true" name="start_date"/>
            <column ascending="true" name="end_date"/>
         </index>
         <index name="ct_promotion_type_name_u" unique="true">
            <column ascending="true" name="name"/>
            <column ascending="true" name="start_date"/>
            <column ascending="true" name="end_date"/>
         </index>
      </table>
      <table name="ct_serv_fee_type" numRows="7" remarks="Table that stores the fee service relation types of the catalog for the application" schema="public" type="TABLE">
         <column autoUpdated="true" defaultValue="nextval('seq_serv_fee_type_id'::regclass)" digits="0" id="0" name="serv_fee_type_id" nullable="false" remarks="Internal identifier of the service-fee relation type" size="10" type="serial"/>
         <column autoUpdated="false" digits="0" id="1" name="service_type_id" nullable="false" remarks="Product_type_id for the service-fee relation" size="10" type="int4">
            <parent column="service_type_id" foreignKey="ct_serv_fee_type_service_fk" implied="false" onDeleteCascade="false" table="ct_service_type"/>
         </column>
         <column autoUpdated="false" digits="0" id="2" name="fee_type_id" nullable="false" remarks="Service_type_id for the service-fee relation" size="10" type="int4">
            <parent column="fee_type_id" foreignKey="ct_serv_fee_type_fee_fk" implied="false" onDeleteCascade="false" table="idt_fee_type"/>
         </column>
         <column autoUpdated="false" defaultValue="1000" digits="0" id="3" name="status_id" nullable="false" remarks="Status id for the service-fee relation type" size="10" type="int4">
            <parent column="status_id" foreignKey="ct_serv_fee_type_status_fk" implied="false" onDeleteCascade="false" table="pt_status"/>
         </column>
         <column autoUpdated="false" defaultValue="(('now'::text)::timestamp(0) with time zone)::timestamp without time zone" digits="6" id="4" name="input_date" nullable="false" remarks="Date on which the record was created" size="29" type="timestamp"/>
         <column autoUpdated="false" digits="0" id="5" name="input_user" nullable="false" remarks="User who was modified the record" size="10" type="varchar"/>
         <column autoUpdated="false" digits="6" id="6" name="modif_date" nullable="true" remarks="Date of the last modification of the record" size="29" type="timestamp"/>
         <column autoUpdated="false" digits="0" id="7" name="modif_user" nullable="true" remarks="" size="10" type="varchar"/>
         <primaryKey column="serv_fee_type_id" sequenceNumberInPK="1"/>
         <index name="ct_serv_fee_type_pk" unique="true">
            <column ascending="true" name="serv_fee_type_id"/>
         </index>
         <index name="ct_serv_fee_type_code_u" unique="true">
            <column ascending="true" name="service_type_id"/>
            <column ascending="true" name="fee_type_id"/>
         </index>
      </table>
      <table name="ct_service_type" numRows="3" remarks="Table that stores the service types of the catalog for the application" schema="public" type="TABLE">
         <column autoUpdated="true" defaultValue="nextval('seq_service_type_id'::regclass)" digits="0" id="0" name="service_type_id" nullable="false" remarks="Internal identifier of the service type" size="10" type="serial">
            <child column="service_type_id" foreignKey="ct_prod_serv_type_service_fk" implied="false" onDeleteCascade="false" table="ct_prod_serv_type"/>
            <child column="service_type_id" foreignKey="ct_promo_serv_type_serv_fk" implied="false" onDeleteCascade="false" table="ct_promo_serv_type"/>
            <child column="service_type_id" foreignKey="ct_serv_fee_type_service_fk" implied="false" onDeleteCascade="false" table="ct_serv_fee_type"/>
         </column>
         <column autoUpdated="false" defaultValue="1001" digits="0" id="1" name="entity_type_id" nullable="false" remarks="Entity_id for the service type" size="10" type="int4">
            <parent column="entity_type_id" foreignKey="ct_service_type_entity_fk" implied="false" onDeleteCascade="false" table="pt_entity_type"/>
         </column>
         <column autoUpdated="false" digits="0" id="2" name="code" nullable="false" remarks="Code of the service type" size="10" type="varchar"/>
         <column autoUpdated="false" digits="0" id="3" name="name" nullable="false" remarks="Name of the service type" size="50" type="varchar"/>
         <column autoUpdated="false" digits="0" id="4" name="description" nullable="false" remarks="Description for the service type" size="500" type="varchar"/>
         <column autoUpdated="false" defaultValue="1000" digits="0" id="5" name="status_id" nullable="false" remarks="Status id for the service type" size="10" type="int4">
            <parent column="status_id" foreignKey="ct_service_type_status_fk" implied="false" onDeleteCascade="false" table="pt_status"/>
         </column>
         <column autoUpdated="false" defaultValue="(('now'::text)::timestamp(0) with time zone)::timestamp without time zone" digits="6" id="6" name="input_date" nullable="false" remarks="Date on which the record was created" size="29" type="timestamp"/>
         <column autoUpdated="false" digits="0" id="7" name="input_user" nullable="false" remarks="User who was modified the record" size="10" type="varchar"/>
         <column autoUpdated="false" digits="6" id="8" name="modif_date" nullable="true" remarks="Date of the last modification of the record" size="29" type="timestamp"/>
         <column autoUpdated="false" digits="0" id="9" name="modif_user" nullable="true" remarks="" size="10" type="varchar"/>
         <primaryKey column="service_type_id" sequenceNumberInPK="1"/>
         <index name="ct_service_type_pk" unique="true">
            <column ascending="true" name="service_type_id"/>
         </index>
         <index name="ct_service_type_code_u" unique="true">
            <column ascending="true" name="code"/>
         </index>
         <index name="ct_service_type_name_u" unique="true">
            <column ascending="true" name="name"/>
         </index>
      </table>
      <table name="idt_fee_type" numRows="33" remarks="Table that stores the fee_type_id for the fee types of the catalog for the application" schema="public" type="TABLE">
         <column autoUpdated="true" defaultValue="nextval('seq_fee_type_id'::regclass)" digits="0" id="0" name="fee_type_id" nullable="false" remarks="Internal identifier of the fee type" size="10" type="serial">
            <child column="fee_type_id" foreignKey="ct_fee_type_id_fk" implied="false" onDeleteCascade="false" table="ct_fee_type"/>
            <child column="fee_type_id" foreignKey="ct_prod_fee_type_fee_fk" implied="false" onDeleteCascade="false" table="ct_prod_fee_type"/>
            <child column="fee_type_id" foreignKey="ct_promo_fee_type_discount_fee_fk" implied="false" onDeleteCascade="false" table="ct_promo_fee_type_discount"/>
            <child column="fee_type_id" foreignKey="ct_serv_fee_type_fee_fk" implied="false" onDeleteCascade="false" table="ct_serv_fee_type"/>
         </column>
         <primaryKey column="fee_type_id" sequenceNumberInPK="1"/>
         <index name="idt_fee_type_pk" unique="true">
            <column ascending="true" name="fee_type_id"/>
         </index>
      </table>
      <table name="idt_promotion_type" numRows="11" remarks="" schema="public" type="TABLE">
         <column autoUpdated="true" defaultValue="nextval('seq_promotion_type_id'::regclass)" digits="0" id="0" name="promotion_type_id" nullable="false" remarks="" size="10" type="serial">
            <child column="promotion_type_id" foreignKey="ct_promo_consum_type_disc_promo_fk" implied="false" onDeleteCascade="false" table="ct_promo_consum_type_discount"/>
            <child column="promotion_type_id" foreignKey="ct_promo_fee_type_discount_promo_fk" implied="false" onDeleteCascade="false" table="ct_promo_fee_type_discount"/>
            <child column="promotion_type_id" foreignKey="ct_promo_prod_type_promo_fk" implied="false" onDeleteCascade="false" table="ct_promo_prod_type"/>
            <child column="promotion_type_id" foreignKey="ct_promo_serv_type_promo_fk" implied="false" onDeleteCascade="false" table="ct_promo_serv_type"/>
            <child column="promotion_type_id" foreignKey="ct_promotion_type_id_fk" implied="false" onDeleteCascade="false" table="ct_promotion_type"/>
         </column>
         <primaryKey column="promotion_type_id" sequenceNumberInPK="1"/>
         <index name="idt_promotion_type_pk" unique="true">
            <column ascending="true" name="promotion_type_id"/>
         </index>
      </table>
      <table name="it_profiles" numRows="4" remarks="Table that stores application profiles" schema="public" type="TABLE">
         <column autoUpdated="true" defaultValue="nextval('seq_profile_id'::regclass)" digits="0" id="0" name="profile_id" nullable="false" remarks="InternaL identifier of the profile" size="10" type="serial">
            <child column="profile_id" foreignKey="it_users_profile_id_fkey" implied="false" onDeleteCascade="false" table="it_users"/>
         </column>
         <column autoUpdated="false" digits="0" id="1" name="profile_code" nullable="false" remarks="Code of the profile" size="10" type="varchar"/>
         <column autoUpdated="false" digits="0" id="2" name="description" nullable="false" remarks="Description for the profile" size="500" type="varchar"/>
         <primaryKey column="profile_id" sequenceNumberInPK="1"/>
         <index name="it_profiles_pkey" unique="true">
            <column ascending="true" name="profile_id"/>
         </index>
         <index name="it_profiles_profile_code_key" unique="true">
            <column ascending="true" name="profile_code"/>
         </index>
      </table>
      <table name="it_users" numRows="4" remarks="Table that stores application users" schema="public" type="TABLE">
         <column autoUpdated="true" defaultValue="nextval('seq_user_id'::regclass)" digits="0" id="0" name="user_id" nullable="false" remarks="InternaL identifier of the user" size="10" type="serial"/>
         <column autoUpdated="false" digits="0" id="1" name="name" nullable="false" remarks="Name of the user" size="50" type="varchar"/>
         <column autoUpdated="false" digits="0" id="2" name="surname" nullable="false" remarks="Surname of the user" size="100" type="varchar"/>
         <column autoUpdated="false" digits="0" id="3" name="email" nullable="false" remarks="Email of the user" size="50" type="varchar"/>
         <column autoUpdated="false" digits="0" id="4" name="phone_contact" nullable="true" remarks="Phone contact of the user" size="50" type="varchar"/>
         <column autoUpdated="false" digits="0" id="5" name="user_code" nullable="false" remarks="Code of the user (to login)" size="10" type="varchar"/>
         <column autoUpdated="false" digits="0" id="6" name="password" nullable="false" remarks="Password for the user - md5 encrypted" size="32" type="bpchar"/>
         <column autoUpdated="false" digits="0" id="7" name="profile_id" nullable="false" remarks="Internal identifier for the profile of the user" size="10" type="int4">
            <parent column="profile_id" foreignKey="it_users_profile_id_fkey" implied="false" onDeleteCascade="false" table="it_profiles"/>
         </column>
         <column autoUpdated="false" digits="0" id="8" name="active" nullable="false" remarks="" size="1" type="bool"/>
         <primaryKey column="user_id" sequenceNumberInPK="1"/>
         <index name="it_users_pkey" unique="true">
            <column ascending="true" name="user_id"/>
         </index>
         <index name="it_users_user_code_key" unique="true">
            <column ascending="true" name="user_code"/>
         </index>
      </table>
      <table name="mt_application_menu" numRows="28" remarks="Table that stores the application's menu" schema="public" type="TABLE">
         <column autoUpdated="true" defaultValue="nextval('seq_application_menu_id'::regclass)" digits="0" id="0" name="application_menu_id" nullable="false" remarks="Internal identifier of the menu item" size="10" type="serial">
            <child column="application_parent_menu_id" foreignKey="mt_application_menu_fk" implied="false" onDeleteCascade="false" table="mt_application_menu"/>
         </column>
         <column autoUpdated="false" digits="0" id="1" name="application_parent_menu_id" nullable="true" remarks="Internal identifier of the parent menu item, if exists" size="10" type="int4">
            <parent column="application_menu_id" foreignKey="mt_application_menu_fk" implied="false" onDeleteCascade="false" table="mt_application_menu"/>
         </column>
         <column autoUpdated="false" digits="0" id="2" name="has_children" nullable="false" remarks="Flag that indicates if the item menu has children (true or false)" size="1" type="bool"/>
         <column autoUpdated="false" digits="0" id="3" name="menu_level" nullable="false" remarks="Level of the menu item in the menu hierarchy" size="10" type="int4"/>
         <column autoUpdated="false" digits="0" id="4" name="position" nullable="false" remarks="Position of the menu item in the menu level" size="10" type="int4"/>
         <column autoUpdated="false" digits="0" id="5" name="name" nullable="false" remarks="Name to shown in the menu application" size="100" type="varchar"/>
         <column autoUpdated="false" digits="0" id="6" name="description" nullable="false" remarks="Description of the menu item" size="500" type="varchar"/>
         <column autoUpdated="false" digits="0" id="7" name="profile_code" nullable="true" remarks="Profiles authoriced to see the menu item" size="50" type="varchar"/>
         <column autoUpdated="false" digits="0" id="8" name="page" nullable="false" remarks="JSF to redirect when the menu item is selected" size="500" type="varchar"/>
         <primaryKey column="application_menu_id" sequenceNumberInPK="1"/>
         <index name="mt_application_menu_pk" unique="true">
            <column ascending="true" name="application_menu_id"/>
         </index>
      </table>
      <table name="pt_application_level" numRows="3" remarks="Table that stores the application level for the application" schema="public" type="TABLE">
         <column autoUpdated="true" defaultValue="nextval('seq_application_level_id'::regclass)" digits="0" id="0" name="application_level_id" nullable="false" remarks="Internal identifier of the application level" size="10" type="serial">
            <child column="application_level_id" foreignKey="ct_fee_type_level_fk" implied="false" onDeleteCascade="false" table="ct_fee_type"/>
            <child column="application_level_id" foreignKey="ct_promo_fee_type_discount_lev_fk" implied="false" onDeleteCascade="false" table="ct_promo_fee_type_discount"/>
            <child column="application_level_id" foreignKey="ct_promotion_type_discount_fk" implied="false" onDeleteCascade="false" table="ct_promotion_type"/>
         </column>
         <column autoUpdated="false" digits="0" id="1" name="code" nullable="false" remarks="Code of the application level" size="10" type="varchar"/>
         <column autoUpdated="false" digits="0" id="2" name="name" nullable="false" remarks="Name of the application level" size="50" type="varchar"/>
         <column autoUpdated="false" digits="0" id="3" name="description" nullable="false" remarks="Description for the application level" size="500" type="varchar"/>
         <primaryKey column="application_level_id" sequenceNumberInPK="1"/>
         <index name="pt_application_level_pk" unique="true">
            <column ascending="true" name="application_level_id"/>
         </index>
         <index name="pt_application_level_code_u" unique="true">
            <column ascending="true" name="code"/>
         </index>
         <index name="pt_application_level_name_u" unique="true">
            <column ascending="true" name="name"/>
         </index>
      </table>
      <table name="pt_billing_period" numRows="2" remarks="Table that stores the billing period types for the application" schema="public" type="TABLE">
         <column autoUpdated="true" defaultValue="nextval('seq_billing_period_id'::regclass)" digits="0" id="0" name="billing_period_id" nullable="false" remarks="Internal identifier of the billing period type" size="10" type="serial">
            <child column="billing_period_id" foreignKey="ct_bill_cycle_type_period_fk" implied="false" onDeleteCascade="false" table="ct_bill_cycle_type"/>
         </column>
         <column autoUpdated="false" digits="0" id="1" name="code" nullable="false" remarks="Code of the billing period type" size="10" type="varchar"/>
         <column autoUpdated="false" digits="0" id="2" name="name" nullable="false" remarks="Name of the billing period type" size="50" type="varchar"/>
         <column autoUpdated="false" digits="0" id="3" name="description" nullable="false" remarks="Description for the billing period type" size="500" type="varchar"/>
         <column autoUpdated="false" digits="0" id="4" name="billing_period_days" nullable="false" remarks="Number of days that defines the billing period" size="3" type="numeric"/>
         <primaryKey column="billing_period_id" sequenceNumberInPK="1"/>
         <index name="pt_billing_period_pk" unique="true">
            <column ascending="true" name="billing_period_id"/>
         </index>
         <index name="pt_billing_period_code_u" unique="true">
            <column ascending="true" name="code"/>
         </index>
         <index name="pt_billing_period_name_u" unique="true">
            <column ascending="true" name="name"/>
         </index>
      </table>
      <table name="pt_consumption_class" numRows="4" remarks="Table that stores the consumtion class of the application" schema="public" type="TABLE">
         <column autoUpdated="true" defaultValue="nextval('seq_consumption_class_id'::regclass)" digits="0" id="0" name="consumption_class_id" nullable="false" remarks="Internal identifier of the consumption class" size="10" type="serial">
            <child column="consumption_class_id" foreignKey="ct_consumption_type_class_fk" implied="false" onDeleteCascade="false" table="ct_consumption_type"/>
         </column>
         <column autoUpdated="false" digits="0" id="1" name="code" nullable="false" remarks="Code of the consumption class" size="10" type="varchar"/>
         <column autoUpdated="false" digits="0" id="2" name="name" nullable="false" remarks="Name of the consumption class" size="50" type="varchar"/>
         <column autoUpdated="false" digits="0" id="3" name="description" nullable="false" remarks="Description for the consumption class" size="500" type="varchar"/>
         <primaryKey column="consumption_class_id" sequenceNumberInPK="1"/>
         <index name="pt_consumption_class_pk" unique="true">
            <column ascending="true" name="consumption_class_id"/>
         </index>
         <index name="pt_consumption_class_code_u" unique="true">
            <column ascending="true" name="code"/>
         </index>
         <index name="pt_consumption_class_name_u" unique="true">
            <column ascending="true" name="name"/>
         </index>
      </table>
      <table name="pt_discount_type" numRows="4" remarks="Table that stores the discount types for the application" schema="public" type="TABLE">
         <column autoUpdated="true" defaultValue="nextval('seq_discount_type_id'::regclass)" digits="0" id="0" name="discount_type_id" nullable="false" remarks="Internal identifier of the discount type" size="10" type="serial">
            <child column="discount_type_id" foreignKey="ct_promotion_type_level_fk" implied="false" onDeleteCascade="false" table="ct_promotion_type"/>
         </column>
         <column autoUpdated="false" digits="0" id="1" name="code" nullable="false" remarks="Code of the discount type" size="10" type="varchar"/>
         <column autoUpdated="false" digits="0" id="2" name="name" nullable="false" remarks="Name of the discount type" size="50" type="varchar"/>
         <column autoUpdated="false" digits="0" id="3" name="description" nullable="false" remarks="Description for the discount type" size="500" type="varchar"/>
         <primaryKey column="discount_type_id" sequenceNumberInPK="1"/>
         <index name="pt_discount_type_pk" unique="true">
            <column ascending="true" name="discount_type_id"/>
         </index>
         <index name="pt_discount_type_code_u" unique="true">
            <column ascending="true" name="code"/>
         </index>
         <index name="pt_discount_type_name_u" unique="true">
            <column ascending="true" name="name"/>
         </index>
      </table>
      <table name="pt_entity_type" numRows="7" remarks="Table that stores the entity type of the application" schema="public" type="TABLE">
         <column autoUpdated="true" defaultValue="nextval('seq_entity_type_id'::regclass)" digits="0" id="0" name="entity_type_id" nullable="false" remarks="Internal identifier of the entity type" size="10" type="serial">
            <child column="entity_type_id" foreignKey="ct_account_type_entity_fk" implied="false" onDeleteCascade="false" table="ct_account_type"/>
            <child column="entity_type_id" foreignKey="ct_consumption_type_entity_fk" implied="false" onDeleteCascade="false" table="ct_consumption_type"/>
            <child column="entity_type_id" foreignKey="ct_customer_type_entity_fk" implied="false" onDeleteCascade="false" table="ct_customer_type"/>
            <child column="entity_type_id" foreignKey="ct_fee_type_entity_fk" implied="false" onDeleteCascade="false" table="ct_fee_type"/>
            <child column="entity_type_id" foreignKey="ct_product_type_entity_fk" implied="false" onDeleteCascade="false" table="ct_product_type"/>
            <child column="entity_type_id" foreignKey="ct_promotion_type_entity_fk" implied="false" onDeleteCascade="false" table="ct_promotion_type"/>
            <child column="entity_type_id" foreignKey="ct_service_type_entity_fk" implied="false" onDeleteCascade="false" table="ct_service_type"/>
         </column>
         <column autoUpdated="false" digits="0" id="1" name="code" nullable="false" remarks="Code of the entity type" size="10" type="varchar"/>
         <column autoUpdated="false" digits="0" id="2" name="name" nullable="false" remarks="Name of the entity type" size="50" type="varchar"/>
         <column autoUpdated="false" digits="0" id="3" name="description" nullable="false" remarks="Description for the entity type" size="500" type="varchar"/>
         <primaryKey column="entity_type_id" sequenceNumberInPK="1"/>
         <index name="pt_entity_type_PK" unique="true">
            <column ascending="true" name="entity_type_id"/>
         </index>
         <index name="pt_entity_type_code_U" unique="true">
            <column ascending="true" name="code"/>
         </index>
         <index name="pt_entity_type_name_U" unique="true">
            <column ascending="true" name="name"/>
         </index>
      </table>
      <table name="pt_payment_method" numRows="3" remarks="Table that stores the payment types for the application" schema="public" type="TABLE">
         <column autoUpdated="true" defaultValue="nextval('seq_payment_method_id'::regclass)" digits="0" id="0" name="payment_method_id" nullable="false" remarks="Internal identifier of the payment method" size="10" type="serial">
            <child column="payment_method_id" foreignKey="ct_account_type_payment_fk" implied="false" onDeleteCascade="false" table="ct_account_type"/>
         </column>
         <column autoUpdated="false" digits="0" id="1" name="code" nullable="false" remarks="Code of the payment method" size="10" type="varchar"/>
         <column autoUpdated="false" digits="0" id="2" name="name" nullable="false" remarks="Name of the payment method" size="50" type="varchar"/>
         <column autoUpdated="false" digits="0" id="3" name="description" nullable="false" remarks="Description for the payment method" size="500" type="varchar"/>
         <primaryKey column="payment_method_id" sequenceNumberInPK="1"/>
         <index name="pt_payment_method_pk" unique="true">
            <column ascending="true" name="payment_method_id"/>
         </index>
         <index name="pt_payment_method_code_u" unique="true">
            <column ascending="true" name="code"/>
         </index>
         <index name="pt_payment_method_name_u" unique="true">
            <column ascending="true" name="name"/>
         </index>
      </table>
      <table name="pt_status" numRows="4" remarks="Table that stores the status for the entities of the application" schema="public" type="TABLE">
         <column autoUpdated="true" defaultValue="nextval('seq_status_id'::regclass)" digits="0" id="0" name="status_id" nullable="false" remarks="Internal identifier of the status" size="10" type="serial">
            <child column="status_id" foreignKey="ct_account_type_status_fk" implied="false" onDeleteCascade="false" table="ct_account_type"/>
            <child column="status_id" foreignKey="ct_bill_cycle_type_status_fk" implied="false" onDeleteCascade="false" table="ct_bill_cycle_type"/>
            <child column="status_id" foreignKey="ct_consumption_type_status_fk" implied="false" onDeleteCascade="false" table="ct_consumption_type"/>
            <child column="status_id" foreignKey="ct_customer_type_status_fk" implied="false" onDeleteCascade="false" table="ct_customer_type"/>
            <child column="status_id" foreignKey="ct_fee_type_status_fk" implied="false" onDeleteCascade="false" table="ct_fee_type"/>
            <child column="status_id" foreignKey="ct_prod_fee_type_status_fk" implied="false" onDeleteCascade="false" table="ct_prod_fee_type"/>
            <child column="status_id" foreignKey="ct_prod_serv_type_status_fk" implied="false" onDeleteCascade="false" table="ct_prod_serv_type"/>
            <child column="status_id" foreignKey="ct_product_type_status_fk" implied="false" onDeleteCascade="false" table="ct_product_type"/>
            <child column="status_id" foreignKey="ct_promo_consum_type_discount_status_fk" implied="false" onDeleteCascade="false" table="ct_promo_consum_type_discount"/>
            <child column="status_id" foreignKey="ct_promo_fee_type_discount_status_fk" implied="false" onDeleteCascade="false" table="ct_promo_fee_type_discount"/>
            <child column="status_id" foreignKey="ct_promo_prod_type_status_fk" implied="false" onDeleteCascade="false" table="ct_promo_prod_type"/>
            <child column="status_id" foreignKey="ct_promo_serv_type_status_fk" implied="false" onDeleteCascade="false" table="ct_promo_serv_type"/>
            <child column="status_id" foreignKey="ct_promotion_type_status_fk" implied="false" onDeleteCascade="false" table="ct_promotion_type"/>
            <child column="status_id" foreignKey="ct_serv_fee_type_status_fk" implied="false" onDeleteCascade="false" table="ct_serv_fee_type"/>
            <child column="status_id" foreignKey="ct_service_type_status_fk" implied="false" onDeleteCascade="false" table="ct_service_type"/>
         </column>
         <column autoUpdated="false" digits="0" id="1" name="code" nullable="false" remarks="Code of the status" size="10" type="varchar"/>
         <column autoUpdated="false" digits="0" id="2" name="name" nullable="false" remarks="Name of the status" size="50" type="varchar"/>
         <column autoUpdated="false" digits="0" id="3" name="description" nullable="false" remarks="Description for the status" size="500" type="varchar"/>
         <primaryKey column="status_id" sequenceNumberInPK="1"/>
         <index name="pt_status_pk" unique="true">
            <column ascending="true" name="status_id"/>
         </index>
         <index name="pt_status_code_u" unique="true">
            <column ascending="true" name="code"/>
         </index>
         <index name="pt_status_name_u" unique="true">
            <column ascending="true" name="name"/>
         </index>
      </table>
      <table name="pt_tax_type" numRows="3" remarks="Table that stores the tax type of the application" schema="public" type="TABLE">
         <column autoUpdated="true" defaultValue="nextval('seq_tax_type_id'::regclass)" digits="0" id="0" name="tax_type_id" nullable="false" remarks="Internal identifier of the tax type" size="10" type="serial"/>
         <column autoUpdated="false" digits="0" id="1" name="code" nullable="false" remarks="Code of the tax type" size="10" type="varchar"/>
         <column autoUpdated="false" digits="0" id="2" name="name" nullable="false" remarks="Name of the tax type" size="50" type="varchar"/>
         <column autoUpdated="false" digits="0" id="3" name="description" nullable="false" remarks="Description for the tax type" size="500" type="varchar"/>
         <column autoUpdated="false" digits="4" id="4" name="percent_value" nullable="false" remarks="Percent value for the tax type" size="10" type="numeric"/>
         <primaryKey column="tax_type_id" sequenceNumberInPK="1"/>
         <index name="pt_tax_type_pk" unique="true">
            <column ascending="true" name="tax_type_id"/>
         </index>
         <index name="pt_tax_type_code_u" unique="true">
            <column ascending="true" name="code"/>
         </index>
         <index name="pt_tax_type_name_u" unique="true">
            <column ascending="true" name="name"/>
         </index>
      </table>
      <table name="vw_product_fee_type" numRows="0" remarks="" schema="public" type="VIEW">
         <column autoUpdated="false" digits="0" id="0" name="prod_fee_type_id" nullable="true" remarks="" size="10" type="int4"/>
         <column autoUpdated="false" digits="0" id="1" name="prod_fee_type_status_id" nullable="true" remarks="" size="10" type="int4"/>
         <column autoUpdated="false" digits="0" id="2" name="prod_fee_type_status_code" nullable="true" remarks="" size="10" type="varchar"/>
         <column autoUpdated="false" digits="0" id="3" name="product_type_id" nullable="true" remarks="" size="10" type="int4"/>
         <column autoUpdated="false" digits="0" id="4" name="product_type_code" nullable="true" remarks="" size="10" type="varchar"/>
         <column autoUpdated="false" digits="0" id="5" name="product_type_name" nullable="true" remarks="" size="50" type="varchar"/>
         <column autoUpdated="false" digits="0" id="6" name="product_type_description" nullable="true" remarks="" size="500" type="varchar"/>
         <column autoUpdated="false" digits="0" id="7" name="product_type_status_id" nullable="true" remarks="" size="10" type="int4"/>
         <column autoUpdated="false" digits="0" id="8" name="product_type_status_code" nullable="true" remarks="" size="10" type="varchar"/>
         <column autoUpdated="false" digits="0" id="9" name="fee_type_id" nullable="true" remarks="" size="10" type="int4"/>
         <column autoUpdated="false" digits="0" id="10" name="fee_type_start_date" nullable="true" remarks="" size="13" type="date"/>
         <column autoUpdated="false" digits="0" id="11" name="fee_type_end_date" nullable="true" remarks="" size="13" type="date"/>
         <column autoUpdated="false" digits="0" id="12" name="fee_type_code" nullable="true" remarks="" size="10" type="varchar"/>
         <column autoUpdated="false" digits="0" id="13" name="fee_type_name" nullable="true" remarks="" size="50" type="varchar"/>
         <column autoUpdated="false" digits="0" id="14" name="fee_type_description" nullable="true" remarks="" size="500" type="varchar"/>
         <column autoUpdated="false" digits="0" id="15" name="prorate" nullable="true" remarks="" size="1" type="bool"/>
         <column autoUpdated="false" digits="4" id="16" name="price" nullable="true" remarks="" size="10" type="numeric"/>
         <column autoUpdated="false" digits="0" id="17" name="fee_type_status_id" nullable="true" remarks="" size="10" type="int4"/>
         <column autoUpdated="false" digits="0" id="18" name="fee_type_status_code" nullable="true" remarks="" size="10" type="varchar"/>
      </table>
      <table name="vw_product_service_type" numRows="0" remarks="View showing the relationship between product types and the service types associated with them - related to ct_prod_serv_type" schema="public" type="VIEW">
         <column autoUpdated="false" digits="0" id="0" name="prod_serv_type_id" nullable="true" remarks="prod_serv_type_id identifier of the product-service type relation (field prod_serv_type_id from ct_prod_serv_type table)" size="10" type="int4"/>
         <column autoUpdated="false" digits="0" id="1" name="prod_serv_type_status_id" nullable="true" remarks="Status id of the product-service type relation (field status_id from ct_prod_serv_type table)" size="10" type="int4"/>
         <column autoUpdated="false" digits="0" id="2" name="prod_serv_type_status_code" nullable="true" remarks="Status code of the product-service type relation" size="10" type="varchar"/>
         <column autoUpdated="false" digits="0" id="3" name="product_type_id" nullable="true" remarks="Product_type_id for the product-service type relation (field product_type_id from ct_product_type table)" size="10" type="int4"/>
         <column autoUpdated="false" digits="0" id="4" name="product_type_code" nullable="true" remarks="Code for the product type (field code from ct_product_type table)" size="10" type="varchar"/>
         <column autoUpdated="false" digits="0" id="5" name="product_type_name" nullable="true" remarks="Name for the product type (field name from ct_product_type table)" size="50" type="varchar"/>
         <column autoUpdated="false" digits="0" id="6" name="product_type_description" nullable="true" remarks="Description for the product type (field description from ct_product_type table)" size="500" type="varchar"/>
         <column autoUpdated="false" digits="0" id="7" name="product_type_status_id" nullable="true" remarks="Status_id for the product type (field status_id from ct_product_type table)" size="10" type="int4"/>
         <column autoUpdated="false" digits="0" id="8" name="product_type_status_code" nullable="true" remarks="Status code for the product_type" size="10" type="varchar"/>
         <column autoUpdated="false" digits="0" id="9" name="service_type_id" nullable="true" remarks="Service_type_id for the product-service type relation (field service_type_id from ct_service_type table)" size="10" type="int4"/>
         <column autoUpdated="false" digits="0" id="10" name="service_type_code" nullable="true" remarks="Code for the service type (field code from ct_service_type table)" size="10" type="varchar"/>
         <column autoUpdated="false" digits="0" id="11" name="service_type_name" nullable="true" remarks="Name for the service type (field name from ct_service_type table)" size="50" type="varchar"/>
         <column autoUpdated="false" digits="0" id="12" name="service_type_description" nullable="true" remarks="Description for the service type (field description from ct_service_type table)" size="500" type="varchar"/>
         <column autoUpdated="false" digits="0" id="13" name="service_type_status_id" nullable="true" remarks="Status_id for the service type (field status_id from ct_service_type table)" size="10" type="int4"/>
         <column autoUpdated="false" digits="0" id="14" name="service_type_status_code" nullable="true" remarks="Status code for the service type" size="10" type="varchar"/>
      </table>
      <table name="vw_promo_consum_type_discount" numRows="0" remarks="" schema="public" type="VIEW">
         <column autoUpdated="false" digits="0" id="0" name="promo_consum_type_discount_id" nullable="true" remarks="" size="10" type="int4"/>
         <column autoUpdated="false" digits="0" id="1" name="promo_consum_type_disc_status_id" nullable="true" remarks="" size="10" type="int4"/>
         <column autoUpdated="false" digits="0" id="2" name="promo_consum_type_disc_status_code" nullable="true" remarks="" size="10" type="varchar"/>
         <column autoUpdated="false" digits="0" id="3" name="promotion_type_id" nullable="true" remarks="" size="10" type="int4"/>
         <column autoUpdated="false" digits="0" id="4" name="promotion_type_start_date" nullable="true" remarks="" size="13" type="date"/>
         <column autoUpdated="false" digits="0" id="5" name="promotion_type_end_date" nullable="true" remarks="" size="13" type="date"/>
         <column autoUpdated="false" digits="0" id="6" name="promotion_type_code" nullable="true" remarks="" size="10" type="varchar"/>
         <column autoUpdated="false" digits="0" id="7" name="promotion_type_name" nullable="true" remarks="" size="50" type="varchar"/>
         <column autoUpdated="false" digits="0" id="8" name="promotion_type_description" nullable="true" remarks="" size="500" type="varchar"/>
         <column autoUpdated="false" digits="0" id="9" name="discount_type_id" nullable="true" remarks="" size="10" type="int4"/>
         <column autoUpdated="false" digits="0" id="10" name="discount_type_code" nullable="true" remarks="" size="10" type="varchar"/>
         <column autoUpdated="false" digits="0" id="11" name="discount_type_name" nullable="true" remarks="" size="50" type="varchar"/>
         <column autoUpdated="false" digits="0" id="12" name="discount_type_description" nullable="true" remarks="" size="500" type="varchar"/>
         <column autoUpdated="false" digits="4" id="13" name="promotion_type_discount_value" nullable="true" remarks="" size="10" type="numeric"/>
         <column autoUpdated="false" digits="0" id="14" name="promotion_type_status_id" nullable="true" remarks="" size="10" type="int4"/>
         <column autoUpdated="false" digits="0" id="15" name="promotion_type_status_code" nullable="true" remarks="" size="10" type="varchar"/>
         <column autoUpdated="false" digits="0" id="16" name="consumption_type_id" nullable="true" remarks="" size="10" type="int4"/>
         <column autoUpdated="false" digits="0" id="17" name="consumption_type_code" nullable="true" remarks="" size="10" type="varchar"/>
         <column autoUpdated="false" digits="0" id="18" name="consumption_type_name" nullable="true" remarks="" size="50" type="varchar"/>
         <column autoUpdated="false" digits="0" id="19" name="consumption_type_description" nullable="true" remarks="" size="500" type="varchar"/>
         <column autoUpdated="false" digits="0" id="20" name="consumption_class_id" nullable="true" remarks="" size="10" type="int4"/>
         <column autoUpdated="false" digits="0" id="21" name="consumption_class_code" nullable="true" remarks="" size="10" type="varchar"/>
         <column autoUpdated="false" digits="0" id="22" name="consumption_class_name" nullable="true" remarks="" size="50" type="varchar"/>
         <column autoUpdated="false" digits="0" id="23" name="consumption_class_description" nullable="true" remarks="" size="500" type="varchar"/>
         <column autoUpdated="false" digits="0" id="24" name="consumption_type_status_id" nullable="true" remarks="" size="10" type="int4"/>
         <column autoUpdated="false" digits="0" id="25" name="consumption_type_status_code" nullable="true" remarks="" size="10" type="varchar"/>
      </table>
      <table name="vw_promotion_fee_type_discount" numRows="0" remarks="" schema="public" type="VIEW">
         <column autoUpdated="false" digits="0" id="0" name="promo_fee_type_discount_id" nullable="true" remarks="" size="10" type="int4"/>
         <column autoUpdated="false" digits="0" id="1" name="promo_fee_type_disc_status_id" nullable="true" remarks="" size="10" type="int4"/>
         <column autoUpdated="false" digits="0" id="2" name="promo_fee_type_disc_status_code" nullable="true" remarks="" size="10" type="varchar"/>
         <column autoUpdated="false" digits="0" id="3" name="promotion_type_id" nullable="true" remarks="" size="10" type="int4"/>
         <column autoUpdated="false" digits="0" id="4" name="promotion_type_start_date" nullable="true" remarks="" size="13" type="date"/>
         <column autoUpdated="false" digits="0" id="5" name="promotion_type_end_date" nullable="true" remarks="" size="13" type="date"/>
         <column autoUpdated="false" digits="0" id="6" name="promotion_type_code" nullable="true" remarks="" size="10" type="varchar"/>
         <column autoUpdated="false" digits="0" id="7" name="promotion_type_name" nullable="true" remarks="" size="50" type="varchar"/>
         <column autoUpdated="false" digits="0" id="8" name="promotion_type_description" nullable="true" remarks="" size="500" type="varchar"/>
         <column autoUpdated="false" digits="0" id="9" name="application_level_id" nullable="true" remarks="" size="10" type="int4"/>
         <column autoUpdated="false" digits="0" id="10" name="application_level_code" nullable="true" remarks="" size="10" type="varchar"/>
         <column autoUpdated="false" digits="0" id="11" name="discount_type_id" nullable="true" remarks="" size="10" type="int4"/>
         <column autoUpdated="false" digits="0" id="12" name="discount_type_code" nullable="true" remarks="" size="10" type="varchar"/>
         <column autoUpdated="false" digits="0" id="13" name="discount_type_name" nullable="true" remarks="" size="50" type="varchar"/>
         <column autoUpdated="false" digits="0" id="14" name="discount_type_description" nullable="true" remarks="" size="500" type="varchar"/>
         <column autoUpdated="false" digits="0" id="15" name="application_level_description" nullable="true" remarks="" size="500" type="varchar"/>
         <column autoUpdated="false" digits="4" id="16" name="promotion_type_discount_value" nullable="true" remarks="" size="10" type="numeric"/>
         <column autoUpdated="false" digits="0" id="17" name="promotion_type_status_id" nullable="true" remarks="" size="10" type="int4"/>
         <column autoUpdated="false" digits="0" id="18" name="promotion_type_status_code" nullable="true" remarks="" size="10" type="varchar"/>
         <column autoUpdated="false" digits="0" id="19" name="fee_type_id" nullable="true" remarks="" size="10" type="int4"/>
         <column autoUpdated="false" digits="0" id="20" name="fee_type_start_date" nullable="true" remarks="" size="13" type="date"/>
         <column autoUpdated="false" digits="0" id="21" name="fee_type_end_date" nullable="true" remarks="" size="13" type="date"/>
         <column autoUpdated="false" digits="0" id="22" name="fee_type_code" nullable="true" remarks="" size="10" type="varchar"/>
         <column autoUpdated="false" digits="0" id="23" name="fee_type_name" nullable="true" remarks="" size="50" type="varchar"/>
         <column autoUpdated="false" digits="0" id="24" name="fee_type_description" nullable="true" remarks="" size="500" type="varchar"/>
         <column autoUpdated="false" digits="0" id="25" name="prorate" nullable="true" remarks="" size="1" type="bool"/>
         <column autoUpdated="false" digits="4" id="26" name="price" nullable="true" remarks="" size="10" type="numeric"/>
         <column autoUpdated="false" digits="0" id="27" name="fee_type_status_id" nullable="true" remarks="" size="10" type="int4"/>
         <column autoUpdated="false" digits="0" id="28" name="fee_type_status_code" nullable="true" remarks="" size="10" type="varchar"/>
      </table>
      <table name="vw_promotion_product_type" numRows="0" remarks="" schema="public" type="VIEW">
         <column autoUpdated="false" digits="0" id="0" name="promo_prod_type_id" nullable="true" remarks="" size="10" type="int4"/>
         <column autoUpdated="false" digits="0" id="1" name="promo_prod_type_status_id" nullable="true" remarks="" size="10" type="int4"/>
         <column autoUpdated="false" digits="0" id="2" name="promo_prod_type_status_code" nullable="true" remarks="" size="10" type="varchar"/>
         <column autoUpdated="false" digits="0" id="3" name="product_type_id" nullable="true" remarks="" size="10" type="int4"/>
         <column autoUpdated="false" digits="0" id="4" name="product_type_code" nullable="true" remarks="" size="10" type="varchar"/>
         <column autoUpdated="false" digits="0" id="5" name="product_type_name" nullable="true" remarks="" size="50" type="varchar"/>
         <column autoUpdated="false" digits="0" id="6" name="product_type_description" nullable="true" remarks="" size="500" type="varchar"/>
         <column autoUpdated="false" digits="0" id="7" name="product_type_status_id" nullable="true" remarks="" size="10" type="int4"/>
         <column autoUpdated="false" digits="0" id="8" name="product_type_status_code" nullable="true" remarks="" size="10" type="varchar"/>
         <column autoUpdated="false" digits="0" id="9" name="promotion_type_id" nullable="true" remarks="" size="10" type="int4"/>
         <column autoUpdated="false" digits="0" id="10" name="promotion_type_start_date" nullable="true" remarks="" size="13" type="date"/>
         <column autoUpdated="false" digits="0" id="11" name="promotion_type_end_date" nullable="true" remarks="" size="13" type="date"/>
         <column autoUpdated="false" digits="0" id="12" name="promotion_type_code" nullable="true" remarks="" size="10" type="varchar"/>
         <column autoUpdated="false" digits="0" id="13" name="promotion_type_name" nullable="true" remarks="" size="50" type="varchar"/>
         <column autoUpdated="false" digits="0" id="14" name="promotion_type_description" nullable="true" remarks="" size="500" type="varchar"/>
         <column autoUpdated="false" digits="0" id="15" name="discount_type_id" nullable="true" remarks="" size="10" type="int4"/>
         <column autoUpdated="false" digits="0" id="16" name="discount_code" nullable="true" remarks="" size="10" type="varchar"/>
         <column autoUpdated="false" digits="0" id="17" name="discount_name" nullable="true" remarks="" size="50" type="varchar"/>
         <column autoUpdated="false" digits="0" id="18" name="discount_description" nullable="true" remarks="" size="500" type="varchar"/>
         <column autoUpdated="false" digits="4" id="19" name="discount_value" nullable="true" remarks="" size="10" type="numeric"/>
         <column autoUpdated="false" digits="0" id="20" name="promotion_type_status_id" nullable="true" remarks="" size="10" type="int4"/>
         <column autoUpdated="false" digits="0" id="21" name="promotion_type_status_code" nullable="true" remarks="" size="10" type="varchar"/>
      </table>
      <table name="vw_promotion_service_type" numRows="0" remarks="" schema="public" type="VIEW">
         <column autoUpdated="false" digits="0" id="0" name="promo_serv_type_id" nullable="true" remarks="" size="10" type="int4"/>
         <column autoUpdated="false" digits="0" id="1" name="promo_serv_type_status_id" nullable="true" remarks="" size="10" type="int4"/>
         <column autoUpdated="false" digits="0" id="2" name="promo_serv_type_status_code" nullable="true" remarks="" size="10" type="varchar"/>
         <column autoUpdated="false" digits="0" id="3" name="service_type_id" nullable="true" remarks="" size="10" type="int4"/>
         <column autoUpdated="false" digits="0" id="4" name="service_type_code" nullable="true" remarks="" size="10" type="varchar"/>
         <column autoUpdated="false" digits="0" id="5" name="service_type_name" nullable="true" remarks="" size="50" type="varchar"/>
         <column autoUpdated="false" digits="0" id="6" name="service_type_description" nullable="true" remarks="" size="500" type="varchar"/>
         <column autoUpdated="false" digits="0" id="7" name="service_type_status_id" nullable="true" remarks="" size="10" type="int4"/>
         <column autoUpdated="false" digits="0" id="8" name="service_type_status_code" nullable="true" remarks="" size="10" type="varchar"/>
         <column autoUpdated="false" digits="0" id="9" name="promotion_type_id" nullable="true" remarks="" size="10" type="int4"/>
         <column autoUpdated="false" digits="0" id="10" name="promotion_type_start_date" nullable="true" remarks="" size="13" type="date"/>
         <column autoUpdated="false" digits="0" id="11" name="promotion_type_end_date" nullable="true" remarks="" size="13" type="date"/>
         <column autoUpdated="false" digits="0" id="12" name="promotion_type_code" nullable="true" remarks="" size="10" type="varchar"/>
         <column autoUpdated="false" digits="0" id="13" name="promotion_type_name" nullable="true" remarks="" size="50" type="varchar"/>
         <column autoUpdated="false" digits="0" id="14" name="promotion_type_description" nullable="true" remarks="" size="500" type="varchar"/>
         <column autoUpdated="false" digits="0" id="15" name="discount_type_id" nullable="true" remarks="" size="10" type="int4"/>
         <column autoUpdated="false" digits="0" id="16" name="discount_code" nullable="true" remarks="" size="10" type="varchar"/>
         <column autoUpdated="false" digits="0" id="17" name="discount_name" nullable="true" remarks="" size="50" type="varchar"/>
         <column autoUpdated="false" digits="0" id="18" name="discount_description" nullable="true" remarks="" size="500" type="varchar"/>
         <column autoUpdated="false" digits="4" id="19" name="discount_value" nullable="true" remarks="" size="10" type="numeric"/>
         <column autoUpdated="false" digits="0" id="20" name="promotion_type_status_id" nullable="true" remarks="" size="10" type="int4"/>
         <column autoUpdated="false" digits="0" id="21" name="promotion_type_status_code" nullable="true" remarks="" size="10" type="varchar"/>
      </table>
      <table name="vw_service_fee_type" numRows="0" remarks="" schema="public" type="VIEW">
         <column autoUpdated="false" digits="0" id="0" name="serv_fee_type_id" nullable="true" remarks="" size="10" type="int4"/>
         <column autoUpdated="false" digits="0" id="1" name="serv_fee_type_status_id" nullable="true" remarks="" size="10" type="int4"/>
         <column autoUpdated="false" digits="0" id="2" name="serv_fee_type_status_code" nullable="true" remarks="" size="10" type="varchar"/>
         <column autoUpdated="false" digits="0" id="3" name="service_type_id" nullable="true" remarks="" size="10" type="int4"/>
         <column autoUpdated="false" digits="0" id="4" name="service_type_code" nullable="true" remarks="" size="10" type="varchar"/>
         <column autoUpdated="false" digits="0" id="5" name="service_type_name" nullable="true" remarks="" size="50" type="varchar"/>
         <column autoUpdated="false" digits="0" id="6" name="service_type_description" nullable="true" remarks="" size="500" type="varchar"/>
         <column autoUpdated="false" digits="0" id="7" name="service_type_status_id" nullable="true" remarks="" size="10" type="int4"/>
         <column autoUpdated="false" digits="0" id="8" name="service_type_status_code" nullable="true" remarks="" size="10" type="varchar"/>
         <column autoUpdated="false" digits="0" id="9" name="fee_type_id" nullable="true" remarks="" size="10" type="int4"/>
         <column autoUpdated="false" digits="0" id="10" name="fee_type_start_date" nullable="true" remarks="" size="13" type="date"/>
         <column autoUpdated="false" digits="0" id="11" name="fee_type_end_date" nullable="true" remarks="" size="13" type="date"/>
         <column autoUpdated="false" digits="0" id="12" name="fee_type_code" nullable="true" remarks="" size="10" type="varchar"/>
         <column autoUpdated="false" digits="0" id="13" name="fee_type_name" nullable="true" remarks="" size="50" type="varchar"/>
         <column autoUpdated="false" digits="0" id="14" name="fee_type_description" nullable="true" remarks="" size="500" type="varchar"/>
         <column autoUpdated="false" digits="0" id="15" name="prorate" nullable="true" remarks="" size="1" type="bool"/>
         <column autoUpdated="false" digits="4" id="16" name="price" nullable="true" remarks="" size="10" type="numeric"/>
         <column autoUpdated="false" digits="0" id="17" name="fee_type_status_id" nullable="true" remarks="" size="10" type="int4"/>
         <column autoUpdated="false" digits="0" id="18" name="fee_type_status_code" nullable="true" remarks="" size="10" type="varchar"/>
      </table>
      <table name="vw_users" numRows="0" remarks="" schema="public" type="VIEW">
         <column autoUpdated="false" digits="0" id="0" name="user_id" nullable="true" remarks="" size="10" type="int4"/>
         <column autoUpdated="false" digits="0" id="1" name="user_code" nullable="true" remarks="" size="10" type="varchar"/>
         <column autoUpdated="false" digits="0" id="2" name="password" nullable="true" remarks="" size="32" type="bpchar"/>
         <column autoUpdated="false" digits="0" id="3" name="profile_id" nullable="true" remarks="" size="10" type="int4"/>
         <column autoUpdated="false" digits="0" id="4" name="profile_code" nullable="true" remarks="" size="10" type="varchar"/>
      </table>
   </tables>
</database>
